SampleID	Well	BarcodeSequence	Sample	Plate	Experiment	Treatment	Condition	experimental_group	Cohort	Cage
2A	H6	CTCCCGAGCTCC	2A_maurum_HC	1	SS_Maurum	maurum	HC	maurum.HC	0	1
2B	A7	CAGATCCCAACC	2B_maurum_HC	1	SS_Maurum	maurum	HC	maurum.HC	0	1
3A	B7	TGACTGCGTTAG	3A_bbs_HC	1	SS_Maurum	bbs	HC	bbs.HC	0	2
3B	C7	GAGCCCAAAGAG	3B_bbs_HC	1	SS_Maurum	bbs	HC	bbs.HC	0	2
5A	G7	CGGCCTAAGTTC	5A_maurum_IS	1	SS_Maurum	maurum	IS	maurum.IS	0	4
5B	H7	TAGACTTCAGAG	5B_maurum_IS	1	SS_Maurum	maurum	IS	maurum.IS	0	4
6A	A8	GATAGCACTCGT	6A_bbs_IS	1	SS_Maurum	bbs	IS	bbs.IS	0	5
6B	B8	ACGTTAATATTC	6B_bbs_IS	1	SS_Maurum	bbs	IS	bbs.IS	0	5
8A	E8	AGACTATTTCAT	8A_maurum_HC	1	SS_Maurum	maurum	HC	maurum.HC	1	7
8B	F8	AGTCCGAGTTGT	8B_maurum_HC	1	SS_Maurum	maurum	HC	maurum.HC	1	7
9A	G8	GCTGAGCCTTTG	9A_bbs_HC	1	SS_Maurum	bbs	HC	bbs.HC	1	8
9B	H8	ACTTAGACTCTT	9B_bbs_HC	1	SS_Maurum	bbs	HC	bbs.HC	1	8
11A	D9	CGTCGCAGCCTT	11A_maurum_IS	1	SS_Maurum	maurum	IS	maurum.IS	1	10
11B	E9	AGCGATTCCTCG	11B_maurum_IS	1	SS_Maurum	maurum	IS	maurum.IS	1	10
12A	F9	CGTGAGGACCAG	12A_bbs_IS	1	SS_Maurum	bbs	IS	bbs.IS	1	11
12B	G9	AGAGACGCGTAG	12B_bbs_IS	1	SS_Maurum	bbs	IS	bbs.IS	1	11
14A	B10	GATCCCACGTAC	14A_maurum_HC	1	SS_Maurum	maurum	HC	maurum.HC	2	13
14B	C10	CGCTAGGATGTT	14B_maurum_HC	1	SS_Maurum	maurum	HC	maurum.HC	2	13
15A	D10	CTACTTACATCC	15A_bbs_HC	1	SS_Maurum	bbs	HC	bbs.HC	2	14
15B	E10	ACCACCGTAACC	15B_bbs_HC	1	SS_Maurum	bbs	HC	bbs.HC	2	14
17A	H10	TATGTGCCGGCT	17A_maurum_IS	1	SS_Maurum	maurum	IS	maurum.IS	2	16
17B	A11	AGGTGAGTTCTA	17B_maurum_IS	1	SS_Maurum	maurum	IS	maurum.IS	2	16
18A	B11	CCGCCAGCTTTG	18A_bbs_IS	1	SS_Maurum	bbs	IS	bbs.IS	2	17
18B	C11	AGCGGTAGCGGT	18B_bbs_IS	1	SS_Maurum	bbs	IS	bbs.IS	2	17
20A	F11	CGATTCCTTAAT	20A_maurum_HC	1	SS_Maurum	maurum	HC	maurum.HC	3	19
20B	G11	AATCCGGTCACC	20B_maurum_HC	1	SS_Maurum	maurum	HC	maurum.HC	3	19
21A	H11	ATACCGTCTTTC	21A_bbs_HC	1	SS_Maurum	bbs	HC	bbs.HC	3	20
21B	A12	AACGATCATAGA	21B_bbs_HC	1	SS_Maurum	bbs	HC	bbs.HC	3	20
23A	D12	GTCCTCGCGACT	23A_maurum_IS	1	SS_Maurum	maurum	IS	maurum.IS	3	22
23B	E12	CGTTCGCTAGCC	23B_maurum_IS	1	SS_Maurum	maurum	IS	maurum.IS	3	22
24A	F12	TGCCTGCTCGAC	24A_bbs_IS	1	SS_Maurum	bbs	IS	bbs.IS	3	23
24B	G12	TCTTACCCATAA	24B_bbs_IS	1	SS_Maurum	bbs	IS	bbs.IS	3	23