sample_name	BarcodeSequence	plate	experiment	treatment	condition	experimental_group	cohort	cage
2A	CTCCCGAGCTCC	1	SS_Maurum	maurum	HC	maurum.HC	0	1
2B	CAGATCCCAACC	1	SS_Maurum	maurum	HC	maurum.HC	0	1
3A	TGACTGCGTTAG	1	SS_Maurum	bbs	HC	bbs.HC	0	2
3B	GAGCCCAAAGAG	1	SS_Maurum	bbs	HC	bbs.HC	0	2
5A	CGGCCTAAGTTC	1	SS_Maurum	maurum	IS	maurum.IS	0	4
5B	TAGACTTCAGAG	1	SS_Maurum	maurum	IS	maurum.IS	0	4
6A	GATAGCACTCGT	1	SS_Maurum	bbs	IS	bbs.IS	0	5
6B	ACGTTAATATTC	1	SS_Maurum	bbs	IS	bbs.IS	0	5
8A	AGACTATTTCAT	1	SS_Maurum	maurum	HC	maurum.HC	1	7
8B	AGTCCGAGTTGT	1	SS_Maurum	maurum	HC	maurum.HC	1	7
9A	GCTGAGCCTTTG	1	SS_Maurum	bbs	HC	bbs.HC	1	8
9B	ACTTAGACTCTT	1	SS_Maurum	bbs	HC	bbs.HC	1	8
11A	CGTCGCAGCCTT	1	SS_Maurum	maurum	IS	maurum.IS	1	10
11B	AGCGATTCCTCG	1	SS_Maurum	maurum	IS	maurum.IS	1	10
12A	CGTGAGGACCAG	1	SS_Maurum	bbs	IS	bbs.IS	1	11
12B	AGAGACGCGTAG	1	SS_Maurum	bbs	IS	bbs.IS	1	11
14A	GATCCCACGTAC	1	SS_Maurum	maurum	HC	maurum.HC	2	13
14B	CGCTAGGATGTT	1	SS_Maurum	maurum	HC	maurum.HC	2	13
15A	CTACTTACATCC	1	SS_Maurum	bbs	HC	bbs.HC	2	14
15B	ACCACCGTAACC	1	SS_Maurum	bbs	HC	bbs.HC	2	14
17A	TATGTGCCGGCT	1	SS_Maurum	maurum	IS	maurum.IS	2	16
17B	AGGTGAGTTCTA	1	SS_Maurum	maurum	IS	maurum.IS	2	16
18A	CCGCCAGCTTTG	1	SS_Maurum	bbs	IS	bbs.IS	2	17
18B	AGCGGTAGCGGT	1	SS_Maurum	bbs	IS	bbs.IS	2	17
20A	CGATTCCTTAAT	1	SS_Maurum	maurum	HC	maurum.HC	3	19
20B	AATCCGGTCACC	1	SS_Maurum	maurum	HC	maurum.HC	3	19
21A	ATACCGTCTTTC	1	SS_Maurum	bbs	HC	bbs.HC	3	20
21B	AACGATCATAGA	1	SS_Maurum	bbs	HC	bbs.HC	3	20
23A	GTCCTCGCGACT	1	SS_Maurum	maurum	IS	maurum.IS	3	22
23B	CGTTCGCTAGCC	1	SS_Maurum	maurum	IS	maurum.IS	3	22
24A	TGCCTGCTCGAC	1	SS_Maurum	bbs	IS	bbs.IS	3	23
24B	TCTTACCCATAA	1	SS_Maurum	bbs	IS	bbs.IS	3	23
3	AGTATATGTTTC	2	BM_10Z_Maurum	bbs	HC	bbs.HC	1	2
4	GGCTCGTCGGAG	2	BM_10Z_Maurum	bbs	HC	bbs.HC	1	2
5	GACATCTGACAC	2	BM_10Z_Maurum	maurum	HC	maurum.HC	1	3
6	AATTTCCTAACA	2	BM_10Z_Maurum	maurum	HC	maurum.HC	1	3
9	ACTAGTTGGACC	2	BM_10Z_Maurum	bbs	IS	bbs.IS	1	5
10	CGCAAGCCCGCG	2	BM_10Z_Maurum	bbs	IS	bbs.IS	1	5
11	AGAGCGGAACAA	2	BM_10Z_Maurum	maurum	IS	maurum.IS	1	6
12	ACATGGGCGGAA	2	BM_10Z_Maurum	maurum	IS	maurum.IS	1	6
15	ATATTGGCAGCC	2	BM_10Z_Maurum	bbs	HC	bbs.HC	2	8
16	TCATCCGTCGGC	2	BM_10Z_Maurum	bbs	HC	bbs.HC	2	8
17	GGCTTCGGAGCG	2	BM_10Z_Maurum	maurum	HC	maurum.HC	2	9
18	CGGTCAATTGAC	2	BM_10Z_Maurum	maurum	HC	maurum.HC	2	9
21	CACGAAAGCAGG	2	BM_10Z_Maurum	bbs	IS	bbs.IS	2	11
22	CGTGGCTTTCCG	2	BM_10Z_Maurum	bbs	IS	bbs.IS	2	11
23	ATTTGGCTCTTA	2	BM_10Z_Maurum	maurum	IS	maurum.IS	2	12
24	CGCGTCAAACTA	2	BM_10Z_Maurum	maurum	IS	maurum.IS	2	12
27	GTTGGTTGGCAT	2	BM_10Z_Maurum	bbs	HC	bbs.HC	3	14
28	AACGGGCGACGT	2	BM_10Z_Maurum	bbs	HC	bbs.HC	3	14
29	TACTGAGCCTCG	2	BM_10Z_Maurum	maurum	HC	maurum.HC	3	15
30	CTTCCAACTCAT	2	BM_10Z_Maurum	maurum	HC	maurum.HC	3	15
33	GAACGATCATGT	2	BM_10Z_Maurum	bbs	IS	bbs.IS	3	17
34	CTCCACATTCCT	2	BM_10Z_Maurum	bbs	IS	bbs.IS	3	17
35	TCTTCGCAGCAG	2	BM_10Z_Maurum	maurum	IS	maurum.IS	3	18
36	CACGCTATTGGA	2	BM_10Z_Maurum	maurum	IS	maurum.IS	3	18
39	GCGGTCGGTCAG	2	BM_10Z_Maurum	bbs	HC	bbs.HC	4	20
40	TCAGTCAGATGA	2	BM_10Z_Maurum	bbs	HC	bbs.HC	4	20
41	CGAACGTCTATG	2	BM_10Z_Maurum	maurum	HC	maurum.HC	4	21
42	CAGTCCCTGCAC	2	BM_10Z_Maurum	maurum	HC	maurum.HC	4	21
45	GTTAGGGAGCGA	2	BM_10Z_Maurum	bbs	IS	bbs.IS	4	23
46	AGTACGCAGTCT	2	BM_10Z_Maurum	bbs	IS	bbs.IS	4	23
47	CTGGTCTTACGG	2	BM_10Z_Maurum	maurum	IS	maurum.IS	4	24
48	ATGCCGGTAATA	2	BM_10Z_Maurum	maurum	IS	maurum.IS	4	24
51	CAATAGAATAAG	2	BM_10Z_Maurum	bbs	HC	bbs.HC	5	26
52	TATACCGCTGCG	2	BM_10Z_Maurum	bbs	HC	bbs.HC	5	26
53	CAGTGCACGTCT	2	BM_10Z_Maurum	maurum	HC	maurum.HC	5	27
54	CTGGTGCTGAAT	2	BM_10Z_Maurum	maurum	HC	maurum.HC	5	27
57	AATAAGCAATAG	2	BM_10Z_Maurum	bbs	IS	bbs.IS	5	29
58	TATGGGTAGCTA	2	BM_10Z_Maurum	bbs	IS	bbs.IS	5	29
59	ACATAGCGGTTC	2	BM_10Z_Maurum	maurum	IS	maurum.IS	5	30
60	CTTACACTGCTT	2	BM_10Z_Maurum	maurum	IS	maurum.IS	5	30